{"cameraMode":{"drawMode":0,"name":"Shaded","section":"Shading Mode"},"sceneLighting":true,"audioPlay":false,"sceneViewState":{"showFog":true,"showMaterialUpdate":false,"showSkybox":true,"showFlares":true,"showImageEffects":true,"showParticleSystems":true},"in2DMode":false,"pivot":{"x":103.4080810546875,"y":-37.40206527709961,"z":76.26627349853516},"rotation":{"x":-0.11995644867420197,"y":-0.5775395035743713,"z":0.08628933876752854,"w":-0.8028778433799744},"size":193.24354553222657,"orthographic":false}